Model,Test_accuracy,Test_precision_macro,Test_recall_macro,Test_f1_macro,Val_accuracy,Val_precision_macro,Val_recall_macro,Val_f1_macro
xgboost,0.6528343615411477,0.2643532003386171,0.24070472833810835,0.24068661751278916,0.6528192069843579,0.25707211867329194,0.2371898065888299,0.23597688642192516
lightgbm,0.7005587242463043,0.33043206417565096,0.2387207944794615,0.2283316590250289,0.6997453619498,0.2983562910305135,0.23784033971786692,0.22681824878375503
gradientboosting,0.6557443836573158,0.2850947647198593,0.2710432844234889,0.2694709284819858,0.6473626773372135,0.26869439287483404,0.2607979923014082,0.25741186317838066
catboost,0.6537655686183215,0.28092369394338296,0.276510094317121,0.26861952632663827,0.6439432520916697,0.26907189168723467,0.2670468906589141,0.2584323833135287
mlp,0.36654638575253173,0.2508083970983278,0.2756087151338493,0.2283805171104752,0.36333212077118954,0.2431134881224696,0.2574894718712829,0.21934970944617752
